Station label;Year;Trawling depth [m];Trawl duration [min];Distance trawled [m];Species;Trawl sum biomass [kg];Abundance;Total length [cm];Comments;
A1508;2022;736;60;7424;Serrivomer beanii;NA;1;51;;
A1508;2022;736;60;7424;Serrivomer beanii;NA;1;61;;
Z0524;2021;1010;61;6251;Lampanyctus crocodilus;3,05;2;7;;
Z0524;2021;1010;61;6251;Lampanyctus crocodilus;3,05;2;8;;
Z0524;2021;1010;61;6251;Lampanyctus crocodilus;3,05;1;9;;
Z0524;2021;1010;61;6251;Lampanyctus crocodilus;3,05;1;10;;
Z0524;2021;1010;61;6251;Lampanyctus crocodilus;3,05;5;11;;
Z0524;2021;1010;61;6251;Lampanyctus crocodilus;3,05;10;12;;
Z0524;2021;1010;61;6251;Lampanyctus crocodilus;3,05;23;13;;
Z0524;2021;1010;61;6251;Lampanyctus crocodilus;3,05;21;14;;
Z0524;2021;1010;61;6251;Lampanyctus crocodilus;3,05;12;15;;
Z0524;2021;1010;61;6251;Lampanyctus crocodilus;3,05;6;16;;
Z0524;2021;1010;61;6251;Lampanyctus crocodilus;3,05;1;18;;
Z0492;2021;370;61;7026;Notoscopelus kroyeri;1,741;4;4;;
Z0492;2021;370;61;7026;Notoscopelus kroyeri;1,741;3;5;;
Z0492;2021;370;61;7026;Notoscopelus kroyeri;1,741;29;7;;
Z0492;2021;370;61;7026;Notoscopelus kroyeri;1,741;108;8;;
Z0492;2021;370;61;7026;Notoscopelus kroyeri;1,741;8;9;;
Z0492;2021;370;61;7026;Notoscopelus kroyeri;1,741;5;10;;
Z0492;2021;370;61;7026;Notoscopelus kroyeri;1,741;9;11;;
Z0492;2021;370;61;7026;Notoscopelus kroyeri;1,741;3;12;;
Z0492;2021;370;61;7026;Notoscopelus kroyeri;1,741;1;13;;
Z0518;2021;1000;61;6421;Aphanopus carbo;1,521;1;101;;
Z0512;2021;555;61;6431;Xenodermichthys copei;1,131;2;3;;
Z0512;2021;555;61;6431;Xenodermichthys copei;1,131;2;4;;
Z0512;2021;555;61;6431;Xenodermichthys copei;1,131;7;6;;
Z0512;2021;555;61;6431;Xenodermichthys copei;1,131;9;7;;
Z0512;2021;555;61;6431;Xenodermichthys copei;1,131;8;8;;
Z0512;2021;555;61;6431;Xenodermichthys copei;1,131;16;9;;
Z0512;2021;555;61;6431;Xenodermichthys copei;1,131;8;10;;
Z0512;2021;555;61;6431;Xenodermichthys copei;1,131;8;11;;
Z0512;2021;555;61;6431;Xenodermichthys copei;1,131;16;12;;
Z0512;2021;555;61;6431;Xenodermichthys copei;1,131;15;13;;
Z0512;2021;555;61;6431;Xenodermichthys copei;1,131;7;14;;
Z0512;2021;555;61;6431;Xenodermichthys copei;1,131;6;15;;
Z0512;2021;555;61;6431;Xenodermichthys copei;1,131;1;17;;
Z0512;2021;555;61;6431;Xenodermichthys copei;1,131;1;19;;
Z0497;2021;1335;60;5971;Aphanopus carbo;1,09;1;97;;
Z0518;2021;1000;61;6421;Lampanyctus crocodilus;1,016;9;7;;
Z0518;2021;1000;61;6421;Lampanyctus crocodilus;1,016;46;8;;
Z0518;2021;1000;61;6421;Lampanyctus crocodilus;1,016;12;9;;
Z0518;2021;1000;61;6421;Lampanyctus crocodilus;1,016;2;10;;
Z0518;2021;1000;61;6421;Lampanyctus crocodilus;1,016;8;11;;
Z0518;2021;1000;61;6421;Lampanyctus crocodilus;1,016;10;12;;
Z0518;2021;1000;61;6421;Lampanyctus crocodilus;1,016;10;13;;
Z0518;2021;1000;61;6421;Lampanyctus crocodilus;1,016;12;14;;
Z0518;2021;1000;61;6421;Lampanyctus crocodilus;1,016;6;15;;
Z0518;2021;1000;61;6421;Lampanyctus crocodilus;1,016;3;16;;
Z0518;2021;1000;61;6421;Lampanyctus crocodilus;1,016;1;17;;
Z0518;2021;1000;61;6421;Lampanyctus crocodilus;1,016;1;18;;
Z0503;2021;715;60;6276;Lampanyctus crocodilus;0,981;1;7,3;;
Z0503;2021;715;60;6276;Lampanyctus crocodilus;0,981;2;7,8;;
Z0503;2021;715;60;6276;Lampanyctus crocodilus;0,981;1;8;;
Z0503;2021;715;60;6276;Lampanyctus crocodilus;0,981;1;8,1;;
Z0503;2021;715;60;6276;Lampanyctus crocodilus;0,981;1;8,2;;
Z0503;2021;715;60;6276;Lampanyctus crocodilus;0,981;1;8,3;;
Z0503;2021;715;60;6276;Lampanyctus crocodilus;0,981;2;8,4;;
Z0503;2021;715;60;6276;Lampanyctus crocodilus;0,981;1;8,5;;
Z0503;2021;715;60;6276;Lampanyctus crocodilus;0,981;1;8,6;;
Z0503;2021;715;60;6276;Lampanyctus crocodilus;0,981;1;9,3;;
Z0503;2021;715;60;6276;Lampanyctus crocodilus;0,981;1;9,4;;
Z0503;2021;715;60;6276;Lampanyctus crocodilus;0,981;1;9,6;;
Z0503;2021;715;60;6276;Lampanyctus crocodilus;0,981;2;10;;
Z0503;2021;715;60;6276;Lampanyctus crocodilus;0,981;3;10,3;;
Z0503;2021;715;60;6276;Lampanyctus crocodilus;0,981;1;10,5;;
Z0503;2021;715;60;6276;Lampanyctus crocodilus;0,981;1;10,6;;
Z0503;2021;715;60;6276;Lampanyctus crocodilus;0,981;1;10,7;;
Z0503;2021;715;60;6276;Lampanyctus crocodilus;0,981;2;10,8;;
Z0503;2021;715;60;6276;Lampanyctus crocodilus;0,981;3;11;;
Z0503;2021;715;60;6276;Lampanyctus crocodilus;0,981;2;11,1;;
Z0503;2021;715;60;6276;Lampanyctus crocodilus;0,981;2;11,2;;
Z0503;2021;715;60;6276;Lampanyctus crocodilus;0,981;1;11,3;;
Z0503;2021;715;60;6276;Lampanyctus crocodilus;0,981;1;11,4;;
Z0503;2021;715;60;6276;Lampanyctus crocodilus;0,981;4;11,9;;
Z0503;2021;715;60;6276;Lampanyctus crocodilus;0,981;1;12;;
Z0503;2021;715;60;6276;Lampanyctus crocodilus;0,981;1;12,1;;
Z0503;2021;715;60;6276;Lampanyctus crocodilus;0,981;4;12,2;;
Z0503;2021;715;60;6276;Lampanyctus crocodilus;0,981;2;12,4;;
Z0503;2021;715;60;6276;Lampanyctus crocodilus;0,981;2;12,5;;
Z0503;2021;715;60;6276;Lampanyctus crocodilus;0,981;4;12,6;;
Z0503;2021;715;60;6276;Lampanyctus crocodilus;0,981;1;12,7;;
Z0503;2021;715;60;6276;Lampanyctus crocodilus;0,981;4;12,8;;
Z0503;2021;715;60;6276;Lampanyctus crocodilus;0,981;2;12,9;;
Z0503;2021;715;60;6276;Lampanyctus crocodilus;0,981;2;13;;
Z0503;2021;715;60;6276;Lampanyctus crocodilus;0,981;1;13,3;;
Z0503;2021;715;60;6276;Lampanyctus crocodilus;0,981;2;13,4;;
Z0503;2021;715;60;6276;Lampanyctus crocodilus;0,981;1;13,5;;
Z0503;2021;715;60;6276;Lampanyctus crocodilus;0,981;2;13,6;;
Z0503;2021;715;60;6276;Lampanyctus crocodilus;0,981;1;13,7;;
Z0503;2021;715;60;6276;Lampanyctus crocodilus;0,981;4;13,8;;
Z0503;2021;715;60;6276;Lampanyctus crocodilus;0,981;2;14;;
Z0503;2021;715;60;6276;Lampanyctus crocodilus;0,981;1;14,1;;
Z0503;2021;715;60;6276;Lampanyctus crocodilus;0,981;2;14,2;;
Z0503;2021;715;60;6276;Lampanyctus crocodilus;0,981;1;14,4;;
Z0503;2021;715;60;6276;Lampanyctus crocodilus;0,981;2;14,5;;
Z0503;2021;715;60;6276;Lampanyctus crocodilus;0,981;2;14,6;;
Z0503;2021;715;60;6276;Lampanyctus crocodilus;0,981;2;14,7;;
Z0503;2021;715;60;6276;Lampanyctus crocodilus;0,981;1;14,8;;
Z0503;2021;715;60;6276;Lampanyctus crocodilus;0,981;1;15,1;;
Z0503;2021;715;60;6276;Lampanyctus crocodilus;0,981;1;15,4;;
Z0503;2021;715;60;6276;Lampanyctus crocodilus;0,981;1;15,5;;
Z0503;2021;715;60;6276;Lampanyctus crocodilus;0,981;1;15,6;;
Z0503;2021;715;60;6276;Lampanyctus crocodilus;0,981;1;16,4;;
Z0492;2021;370;61;7026;Xenodermichthys copei;0,721;2;3;;
Z0492;2021;370;61;7026;Xenodermichthys copei;0,721;3;4;;
Z0492;2021;370;61;7026;Xenodermichthys copei;0,721;8;5;;
Z0492;2021;370;61;7026;Xenodermichthys copei;0,721;22;6;;
Z0492;2021;370;61;7026;Xenodermichthys copei;0,721;20;7;;
Z0492;2021;370;61;7026;Xenodermichthys copei;0,721;9;8;;
Z0492;2021;370;61;7026;Xenodermichthys copei;0,721;4;9;;
Z0492;2021;370;61;7026;Xenodermichthys copei;0,721;2;10;;
Z0492;2021;370;61;7026;Xenodermichthys copei;0,721;10;11;;
Z0492;2021;370;61;7026;Xenodermichthys copei;0,721;6;12;;
Z0492;2021;370;61;7026;Xenodermichthys copei;0,721;5;13;;
Z0492;2021;370;61;7026;Xenodermichthys copei;0,721;4;14;;
Z0492;2021;370;61;7026;Xenodermichthys copei;0,721;7;15;;
Z0492;2021;370;61;7026;Xenodermichthys copei;0,721;3;16;;
A1497;2022;486;60;7338;Xenodermichthys copei;0,665;4;5;;
A1497;2022;486;60;7338;Xenodermichthys copei;0,665;6;6;;
A1497;2022;486;60;7338;Xenodermichthys copei;0,665;2;7;;
A1497;2022;486;60;7338;Xenodermichthys copei;0,665;2;8;;
A1497;2022;486;60;7338;Xenodermichthys copei;0,665;18;9;;
A1497;2022;486;60;7338;Xenodermichthys copei;0,665;12;10;;
A1497;2022;486;60;7338;Xenodermichthys copei;0,665;12;11;;
A1497;2022;486;60;7338;Xenodermichthys copei;0,665;12;12;;
A1497;2022;486;60;7338;Xenodermichthys copei;0,665;4;13;;
A1497;2022;486;60;7338;Xenodermichthys copei;0,665;1;14;;
A1497;2022;486;60;7338;Xenodermichthys copei;0,665;1;15;;
Z0497;2021;1335;60;5971;Lampanyctus macdonaldi;0,649;1;12;;
Z0497;2021;1335;60;5971;Lampanyctus macdonaldi;0,649;8;13;;
Z0497;2021;1335;60;5971;Lampanyctus macdonaldi;0,649;10;14;;
Z0497;2021;1335;60;5971;Lampanyctus macdonaldi;0,649;6;15;;
Z0497;2021;1335;60;5971;Lampanyctus macdonaldi;0,649;6;16;;
A1508;2022;736;60;7424;Lampanyctus crocodilus;0,641;1;6;;
A1508;2022;736;60;7424;Lampanyctus crocodilus;0,641;10;7;;
A1508;2022;736;60;7424;Lampanyctus crocodilus;0,641;6;8;;
A1508;2022;736;60;7424;Lampanyctus crocodilus;0,641;5;9;;
A1508;2022;736;60;7424;Lampanyctus crocodilus;0,641;5;10;;
A1508;2022;736;60;7424;Lampanyctus crocodilus;0,641;1;11;;
A1508;2022;736;60;7424;Lampanyctus crocodilus;0,641;10;12;;
A1508;2022;736;60;7424;Lampanyctus crocodilus;0,641;10;13;;
A1508;2022;736;60;7424;Lampanyctus crocodilus;0,641;10;14;;
A1508;2022;736;60;7424;Lampanyctus crocodilus;0,641;1;15;;
A1508;2022;736;60;7424;Lampanyctus crocodilus;0,641;1;16;;
Z0508;2021;25;63;8431;Maurolicus muelleri;0,55;3360;NA;Total length of individuals between 3 and 4 cm ;
Z0497;2021;1335;60;5971;Serrivomer beanii;0,545;1;31;;
Z0497;2021;1335;60;5971;Serrivomer beanii;0,545;1;45;;
Z0497;2021;1335;60;5971;Serrivomer beanii;0,545;2;50;;
Z0497;2021;1335;60;5971;Serrivomer beanii;0,545;2;51;;
Z0497;2021;1335;60;5971;Serrivomer beanii;0,545;1;53;;
Z0497;2021;1335;60;5971;Serrivomer beanii;0,545;1;63;;
Z0497;2021;1335;60;5971;Serrivomer beanii;0,545;1;64;;
Z0497;2021;1335;60;5971;Serrivomer beanii;0,545;2;65;;
Z0497;2021;1335;60;5971;Serrivomer beanii;0,545;1;67;;
A1513;2022;1368;60;5559;Lampanyctus crocodilus;0,493;2;7;;
A1513;2022;1368;60;5559;Lampanyctus crocodilus;0,493;5;8;;
A1513;2022;1368;60;5559;Lampanyctus crocodilus;0,493;11;9;;
A1513;2022;1368;60;5559;Lampanyctus crocodilus;0,493;2;10;;
A1513;2022;1368;60;5559;Lampanyctus crocodilus;0,493;5;12;;
A1513;2022;1368;60;5559;Lampanyctus crocodilus;0,493;8;13;;
A1513;2022;1368;60;5559;Lampanyctus crocodilus;0,493;5;14;;
A1513;2022;1368;60;5559;Lampanyctus crocodilus;0,493;2;15;;
A1513;2022;1368;60;5559;Lampanyctus crocodilus;0,493;1;16;;
Z0497;2021;1335;60;5971;Lampanyctus crocodilus;0,479;6;7;;
Z0497;2021;1335;60;5971;Lampanyctus crocodilus;0,479;16;8;;
Z0497;2021;1335;60;5971;Lampanyctus crocodilus;0,479;8;9;;
Z0497;2021;1335;60;5971;Lampanyctus crocodilus;0,479;1;10;;
Z0497;2021;1335;60;5971;Lampanyctus crocodilus;0,479;1;11;;
Z0497;2021;1335;60;5971;Lampanyctus crocodilus;0,479;3;12;;
Z0497;2021;1335;60;5971;Lampanyctus crocodilus;0,479;1;13;;
Z0497;2021;1335;60;5971;Lampanyctus crocodilus;0,479;5;14;;
Z0497;2021;1335;60;5971;Lampanyctus crocodilus;0,479;7;15;;
Z0497;2021;1335;60;5971;Lampanyctus crocodilus;0,479;1;16;;
Z0497;2021;1335;60;5971;Lampanyctus crocodilus;0,479;1;18;;
Z0518;2021;1000;61;6421;Xenodermichthys copei;0,45;3;6;;
Z0518;2021;1000;61;6421;Xenodermichthys copei;0,45;13;7;;
Z0518;2021;1000;61;6421;Xenodermichthys copei;0,45;6;8;;
Z0518;2021;1000;61;6421;Xenodermichthys copei;0,45;6;9;;
Z0518;2021;1000;61;6421;Xenodermichthys copei;0,45;2;10;;
Z0518;2021;1000;61;6421;Xenodermichthys copei;0,45;6;11;;
Z0518;2021;1000;61;6421;Xenodermichthys copei;0,45;4;12;;
Z0518;2021;1000;61;6421;Xenodermichthys copei;0,45;6;13;;
Z0518;2021;1000;61;6421;Xenodermichthys copei;0,45;3;14;;
Z0518;2021;1000;61;6421;Xenodermichthys copei;0,45;2;15;;
Z0518;2021;1000;61;6421;Xenodermichthys copei;0,45;1;16;;
Z0524;2021;1010;61;6251;Benthosema glaciale;0,439;617;NA;Total length of individuals between 3,5 and 5 cm ;
Z0508;2021;25;63;8431;Notoscopelus bolini;0,429;24;8;;
Z0508;2021;25;63;8431;Notoscopelus bolini;0,429;46;9;;
Z0508;2021;25;63;8431;Notoscopelus bolini;0,429;3;10;;
Z0503;2021;715;60;6276;Xenodermichthys copei;0,427;1;5,5;;
Z0503;2021;715;60;6276;Xenodermichthys copei;0,427;2;5,9;;
Z0503;2021;715;60;6276;Xenodermichthys copei;0,427;1;6,3;;
Z0503;2021;715;60;6276;Xenodermichthys copei;0,427;2;6,6;;
Z0503;2021;715;60;6276;Xenodermichthys copei;0,427;2;6,7;;
Z0503;2021;715;60;6276;Xenodermichthys copei;0,427;3;6,9;;
Z0503;2021;715;60;6276;Xenodermichthys copei;0,427;4;7;;
Z0503;2021;715;60;6276;Xenodermichthys copei;0,427;2;7,1;;
Z0503;2021;715;60;6276;Xenodermichthys copei;0,427;1;7,2;;
Z0503;2021;715;60;6276;Xenodermichthys copei;0,427;3;7,3;;
Z0503;2021;715;60;6276;Xenodermichthys copei;0,427;1;7,4;;
Z0503;2021;715;60;6276;Xenodermichthys copei;0,427;2;7,5;;
Z0503;2021;715;60;6276;Xenodermichthys copei;0,427;1;7,6;;
Z0503;2021;715;60;6276;Xenodermichthys copei;0,427;1;7,7;;
Z0503;2021;715;60;6276;Xenodermichthys copei;0,427;1;8,4;;
Z0503;2021;715;60;6276;Xenodermichthys copei;0,427;1;8,7;;
Z0503;2021;715;60;6276;Xenodermichthys copei;0,427;1;8,9;;
Z0503;2021;715;60;6276;Xenodermichthys copei;0,427;1;9;;
Z0503;2021;715;60;6276;Xenodermichthys copei;0,427;2;9,1;;
Z0503;2021;715;60;6276;Xenodermichthys copei;0,427;1;9,3;;
Z0503;2021;715;60;6276;Xenodermichthys copei;0,427;3;9,4;;
Z0503;2021;715;60;6276;Xenodermichthys copei;0,427;1;10;;
Z0503;2021;715;60;6276;Xenodermichthys copei;0,427;2;10,1;;
Z0503;2021;715;60;6276;Xenodermichthys copei;0,427;1;10,2;;
Z0503;2021;715;60;6276;Xenodermichthys copei;0,427;1;10,6;;
Z0503;2021;715;60;6276;Xenodermichthys copei;0,427;1;11;;
Z0503;2021;715;60;6276;Xenodermichthys copei;0,427;2;11,3;;
Z0503;2021;715;60;6276;Xenodermichthys copei;0,427;2;11,7;;
Z0503;2021;715;60;6276;Xenodermichthys copei;0,427;1;12,2;;
Z0503;2021;715;60;6276;Xenodermichthys copei;0,427;1;12,4;;
Z0503;2021;715;60;6276;Xenodermichthys copei;0,427;1;14;;
Z0503;2021;715;60;6276;Xenodermichthys copei;0,427;1;14,1;;
Z0503;2021;715;60;6276;Xenodermichthys copei;0,427;1;14,4;;
Z0503;2021;715;60;6276;Xenodermichthys copei;0,427;1;14,8;;
Z0503;2021;715;60;6276;Xenodermichthys copei;0,427;1;15,7;;
Z0503;2021;715;60;6276;Xenodermichthys copei;0,427;1;15,8;;
Z0503;2021;715;60;6276;Xenodermichthys copei;0,427;2;16,1;;
Z0503;2021;715;60;6276;Xenodermichthys copei;0,427;1;16,6;;
Z0518;2021;1000;61;6421;Maurolicus muelleri;0,384;2400;NA;Total length of individuals between 2,5 and 3 cm ;
Z0503;2021;715;60;6276;Notoscopelus kroyeri;0,362;1;4;;
Z0503;2021;715;60;6276;Notoscopelus kroyeri;0,362;1;4,1;;
Z0503;2021;715;60;6276;Notoscopelus kroyeri;0,362;1;4,5;;
Z0503;2021;715;60;6276;Notoscopelus kroyeri;0,362;1;4,9;;
Z0503;2021;715;60;6276;Notoscopelus kroyeri;0,362;2;5;;
Z0503;2021;715;60;6276;Notoscopelus kroyeri;0,362;1;5,2;;
Z0503;2021;715;60;6276;Notoscopelus kroyeri;0,362;1;5,5;;
Z0503;2021;715;60;6276;Notoscopelus kroyeri;0,362;3;5,7;;
Z0503;2021;715;60;6276;Notoscopelus kroyeri;0,362;1;5,9;;
Z0503;2021;715;60;6276;Notoscopelus kroyeri;0,362;1;6,3;;
Z0503;2021;715;60;6276;Notoscopelus kroyeri;0,362;1;6,7;;
Z0503;2021;715;60;6276;Notoscopelus kroyeri;0,362;1;6,9;;
Z0503;2021;715;60;6276;Notoscopelus kroyeri;0,362;1;7;;
Z0503;2021;715;60;6276;Notoscopelus kroyeri;0,362;1;7,1;;
Z0503;2021;715;60;6276;Notoscopelus kroyeri;0,362;1;7,2;;
Z0503;2021;715;60;6276;Notoscopelus kroyeri;0,362;4;7,5;;
Z0503;2021;715;60;6276;Notoscopelus kroyeri;0,362;5;7,7;;
Z0503;2021;715;60;6276;Notoscopelus kroyeri;0,362;4;7,8;;
Z0503;2021;715;60;6276;Notoscopelus kroyeri;0,362;4;7,9;;
Z0503;2021;715;60;6276;Notoscopelus kroyeri;0,362;3;8;;
Z0503;2021;715;60;6276;Notoscopelus kroyeri;0,362;3;8,1;;
Z0503;2021;715;60;6276;Notoscopelus kroyeri;0,362;4;8,2;;
Z0503;2021;715;60;6276;Notoscopelus kroyeri;0,362;3;8,3;;
Z0503;2021;715;60;6276;Notoscopelus kroyeri;0,362;3;8,4;;
Z0503;2021;715;60;6276;Notoscopelus kroyeri;0,362;3;8,5;;
Z0503;2021;715;60;6276;Notoscopelus kroyeri;0,362;1;8,6;;
Z0503;2021;715;60;6276;Notoscopelus kroyeri;0,362;1;8,7;;
Z0503;2021;715;60;6276;Notoscopelus kroyeri;0,362;1;8,8;;
Z0503;2021;715;60;6276;Notoscopelus kroyeri;0,362;1;9,2;;
Z0503;2021;715;60;6276;Notoscopelus kroyeri;0,362;1;9,3;;
Z0503;2021;715;60;6276;Notoscopelus kroyeri;0,362;1;9,8;;
Z0503;2021;715;60;6276;Notoscopelus kroyeri;0,362;1;10,2;;
Z0503;2021;715;60;6276;Notoscopelus kroyeri;0,362;1;10,4;;
Z0503;2021;715;60;6276;Notoscopelus kroyeri;0,362;1;10,8;;
Z0503;2021;715;60;6276;Notoscopelus kroyeri;0,362;2;11;;
Z0503;2021;715;60;6276;Notoscopelus kroyeri;0,362;1;11,2;;
Z0503;2021;715;60;6276;Notoscopelus kroyeri;0,362;1;11,4;;
Z0503;2021;715;60;6276;Notoscopelus kroyeri;0,362;1;11,5;;
Z0503;2021;715;60;6276;Notoscopelus kroyeri;0,362;1;11,6;;
Z0503;2021;715;60;6276;Notoscopelus kroyeri;0,362;1;12,3;;
Z0503;2021;715;60;6276;Notoscopelus kroyeri;0,362;1;12,7;;
Z0503;2021;715;60;6276;Notoscopelus kroyeri;0,362;1;13,6;;
Z0503;2021;715;60;6276;Notoscopelus kroyeri;0,362;1;14;;
Z0512;2021;555;61;6431;Lampanyctus crocodilus;0,353;1;6;;
Z0512;2021;555;61;6431;Lampanyctus crocodilus;0,353;17;7;;
Z0512;2021;555;61;6431;Lampanyctus crocodilus;0,353;26;8;;
Z0512;2021;555;61;6431;Lampanyctus crocodilus;0,353;8;9;;
Z0512;2021;555;61;6431;Lampanyctus crocodilus;0,353;3;10;;
Z0512;2021;555;61;6431;Lampanyctus crocodilus;0,353;7;11;;
Z0512;2021;555;61;6431;Lampanyctus crocodilus;0,353;5;12;;
Z0512;2021;555;61;6431;Lampanyctus crocodilus;0,353;2;13;;
A1508;2022;736;60;7424;Xenodermichthys copei;0,34;4;6;;
A1508;2022;736;60;7424;Xenodermichthys copei;0,34;3;7;;
A1508;2022;736;60;7424;Xenodermichthys copei;0,34;2;8;;
A1508;2022;736;60;7424;Xenodermichthys copei;0,34;7;9;;
A1508;2022;736;60;7424;Xenodermichthys copei;0,34;5;10;;
A1508;2022;736;60;7424;Xenodermichthys copei;0,34;3;11;;
A1508;2022;736;60;7424;Xenodermichthys copei;0,34;3;12;;
A1508;2022;736;60;7424;Xenodermichthys copei;0,34;4;13;;
A1508;2022;736;60;7424;Xenodermichthys copei;0,34;4;14;;
A1508;2022;736;60;7424;Xenodermichthys copei;0,34;1;16;;
A1497;2022;486;60;7338;Argyropelecus olfersii;0,328;1;2;;
A1497;2022;486;60;7338;Argyropelecus olfersii;0,328;3;3;;
A1497;2022;486;60;7338;Argyropelecus olfersii;0,328;1;4;;
A1497;2022;486;60;7338;Argyropelecus olfersii;0,328;11;5;;
A1497;2022;486;60;7338;Argyropelecus olfersii;0,328;12;6;;
A1497;2022;486;60;7338;Argyropelecus olfersii;0,328;8;7;;
A1497;2022;486;60;7338;Argyropelecus olfersii;0,328;5;8;;
A1497;2022;486;60;7338;Argyropelecus olfersii;0,328;2;9;;
A1497;2022;486;60;7338;Argyropelecus olfersii;0,328;4;10;;
A1497;2022;486;60;7338;Argyropelecus olfersii;0,328;1;11;;
Z0524;2021;1010;61;6251;Xenodermichthys copei;0,325;1;4;;
Z0524;2021;1010;61;6251;Xenodermichthys copei;0,325;6;6;;
Z0524;2021;1010;61;6251;Xenodermichthys copei;0,325;4;7;;
Z0524;2021;1010;61;6251;Xenodermichthys copei;0,325;6;9;;
Z0524;2021;1010;61;6251;Xenodermichthys copei;0,325;3;10;;
Z0524;2021;1010;61;6251;Xenodermichthys copei;0,325;6;11;;
Z0524;2021;1010;61;6251;Xenodermichthys copei;0,325;2;12;;
Z0524;2021;1010;61;6251;Xenodermichthys copei;0,325;6;13;;
Z0524;2021;1010;61;6251;Xenodermichthys copei;0,325;1;14;;
Z0524;2021;1010;61;6251;Xenodermichthys copei;0,325;1;16;;
A1497;2022;486;60;7338;Arctozenus risso;0,309;4;10;;
A1497;2022;486;60;7338;Arctozenus risso;0,309;2;11;;
A1497;2022;486;60;7338;Arctozenus risso;0,309;3;12;;
A1497;2022;486;60;7338;Arctozenus risso;0,309;5;13;;
A1497;2022;486;60;7338;Arctozenus risso;0,309;3;15;;
A1497;2022;486;60;7338;Arctozenus risso;0,309;3;16;;
A1497;2022;486;60;7338;Arctozenus risso;0,309;1;17;;
A1497;2022;486;60;7338;Arctozenus risso;0,309;1;18;;
A1497;2022;486;60;7338;Arctozenus risso;0,309;1;19;;
Z0492;2021;370;61;7026;Lampanyctus crocodilus;0,297;1;7;;
Z0492;2021;370;61;7026;Lampanyctus crocodilus;0,297;21;8;;
Z0492;2021;370;61;7026;Lampanyctus crocodilus;0,297;26;9;;
Z0492;2021;370;61;7026;Lampanyctus crocodilus;0,297;10;10;;
Z0492;2021;370;61;7026;Lampanyctus crocodilus;0,297;5;11;;
Z0518;2021;1000;61;6421;Searsia koefoedi;0,295;1;9;;
Z0518;2021;1000;61;6421;Searsia koefoedi;0,295;1;10;;
Z0518;2021;1000;61;6421;Searsia koefoedi;0,295;1;11;;
Z0518;2021;1000;61;6421;Searsia koefoedi;0,295;5;12;;
Z0518;2021;1000;61;6421;Searsia koefoedi;0,295;2;13;;
Z0518;2021;1000;61;6421;Searsia koefoedi;0,295;1;14;;
Z0518;2021;1000;61;6421;Searsia koefoedi;0,295;3;15;;
Z0518;2021;1000;61;6421;Searsia koefoedi;0,295;1;16;;
Z0518;2021;1000;61;6421;Notoscopelus kroyeri;0,28;3;5;;
Z0518;2021;1000;61;6421;Notoscopelus kroyeri;0,28;4;6;;
Z0518;2021;1000;61;6421;Notoscopelus kroyeri;0,28;9;7;;
Z0518;2021;1000;61;6421;Notoscopelus kroyeri;0,28;11;8;;
Z0518;2021;1000;61;6421;Notoscopelus kroyeri;0,28;1;9;;
Z0518;2021;1000;61;6421;Notoscopelus kroyeri;0,28;2;10;;
Z0518;2021;1000;61;6421;Notoscopelus kroyeri;0,28;1;11;;
Z0518;2021;1000;61;6421;Notoscopelus kroyeri;0,28;128;NA;;
Z0492;2021;370;61;7026;Stomias boa;0,273;1;25;;
Z0492;2021;370;61;7026;Stomias boa;0,273;2;27;;
Z0492;2021;370;61;7026;Stomias boa;0,273;1;32;;
Z0492;2021;370;61;7026;Stomias boa;0,273;1;33;;
Z0524;2021;1010;61;6251;Serrivomer beanii;0,256;1;46;;
Z0524;2021;1010;61;6251;Serrivomer beanii;0,256;1;58;;
Z0524;2021;1010;61;6251;Serrivomer beanii;0,256;1;66;;
Z0524;2021;1010;61;6251;Serrivomer beanii;0,256;1;68;;
A1508;2022;736;60;7424;Searsia koefoedi;0,24;1;8;;
A1508;2022;736;60;7424;Searsia koefoedi;0,24;3;11;;
A1508;2022;736;60;7424;Searsia koefoedi;0,24;3;12;;
A1508;2022;736;60;7424;Searsia koefoedi;0,24;2;13;;
A1508;2022;736;60;7424;Searsia koefoedi;0,24;2;14;;
A1508;2022;736;60;7424;Searsia koefoedi;0,24;1;15;;
A1508;2022;736;60;7424;Searsia koefoedi;0,24;1;16;;
Z0503;2021;715;60;6276;Stomias boa;0,226;1;22,1;;
Z0503;2021;715;60;6276;Stomias boa;0,226;1;26,6;;
Z0503;2021;715;60;6276;Stomias boa;0,226;1;29;;
Z0503;2021;715;60;6276;Stomias boa;0,226;1;31,4;;
Z0518;2021;1000;61;6421;Cyclothone;0,224;640;NA;Total length of individuals between 3,5 and 7 cm ;
A1513;2022;1368;60;5559;Serrivomer beanii;0,219;1;52;;
A1513;2022;1368;60;5559;Serrivomer beanii;0,219;1;62;;
A1513;2022;1368;60;5559;Serrivomer beanii;0,219;1;69;;
A1497;2022;486;60;7338;Lampanyctus crocodilus;0,208;2;6;;
A1497;2022;486;60;7338;Lampanyctus crocodilus;0,208;4;7;;
A1497;2022;486;60;7338;Lampanyctus crocodilus;0,208;34;8;;
A1497;2022;486;60;7338;Lampanyctus crocodilus;0,208;7;9;;
A1497;2022;486;60;7338;Lampanyctus crocodilus;0,208;4;10;;
Z0518;2021;1000;61;6421;Serrivomer beanii;0,206;1;33;;
Z0518;2021;1000;61;6421;Serrivomer beanii;0,206;1;47;;
Z0518;2021;1000;61;6421;Serrivomer beanii;0,206;3;55;;
Z0518;2021;1000;61;6421;Serrivomer beanii;0,206;1;62;;
Z0492;2021;370;61;7026;Arctozenus risso;0,198;2;11;;
Z0492;2021;370;61;7026;Arctozenus risso;0,198;1;13;;
Z0492;2021;370;61;7026;Arctozenus risso;0,198;2;14;;
Z0492;2021;370;61;7026;Arctozenus risso;0,198;1;15;;
Z0492;2021;370;61;7026;Arctozenus risso;0,198;1;16;;
Z0492;2021;370;61;7026;Arctozenus risso;0,198;4;17;;
Z0492;2021;370;61;7026;Arctozenus risso;0,198;8;18;;
Z0492;2021;370;61;7026;Arctozenus risso;0,198;2;19;;
Z0492;2021;370;61;7026;Arctozenus risso;0,198;5;20;;
Z0497;2021;1335;60;5971;Notoscopelus kroyeri;0,198;1;6;;
Z0497;2021;1335;60;5971;Notoscopelus kroyeri;0,198;4;7;;
Z0497;2021;1335;60;5971;Notoscopelus kroyeri;0,198;9;8;;
Z0497;2021;1335;60;5971;Notoscopelus kroyeri;0,198;1;9;;
Z0497;2021;1335;60;5971;Notoscopelus kroyeri;0,198;3;10;;
Z0497;2021;1335;60;5971;Notoscopelus kroyeri;0,198;2;11;;
Z0497;2021;1335;60;5971;Notoscopelus kroyeri;0,198;2;12;;
Z0497;2021;1335;60;5971;Notoscopelus kroyeri;0,198;1;13;;
Z0497;2021;1335;60;5971;Notoscopelus kroyeri;0,198;1;15;;
Z0497;2021;1335;60;5971;Cyclothone;0,194;582;NA;Total length of individuals between 4 and 6 cm ;
Z0524;2021;1010;61;6251;Melanostigma atlanticum;0,189;1;5;;
Z0524;2021;1010;61;6251;Melanostigma atlanticum;0,189;6;6;;
Z0524;2021;1010;61;6251;Melanostigma atlanticum;0,189;7;7;;
Z0524;2021;1010;61;6251;Melanostigma atlanticum;0,189;15;8;;
Z0524;2021;1010;61;6251;Melanostigma atlanticum;0,189;18;9;;
Z0524;2021;1010;61;6251;Melanostigma atlanticum;0,189;22;10;;
Z0524;2021;1010;61;6251;Melanostigma atlanticum;0,189;12;11;;
Z0524;2021;1010;61;6251;Notoscopelus kroyeri;0,185;1;3;;
Z0524;2021;1010;61;6251;Notoscopelus kroyeri;0,185;3;4;;
Z0524;2021;1010;61;6251;Notoscopelus kroyeri;0,185;5;5;;
Z0524;2021;1010;61;6251;Notoscopelus kroyeri;0,185;8;7;;
Z0524;2021;1010;61;6251;Notoscopelus kroyeri;0,185;4;8;;
Z0524;2021;1010;61;6251;Notoscopelus kroyeri;0,185;2;10;;
Z0524;2021;1010;61;6251;Notoscopelus kroyeri;0,185;3;12;;
Z0524;2021;1010;61;6251;Notoscopelus kroyeri;0,185;2;13;;
A1513;2022;1368;60;5559;Lampanyctus ater;0,18;1;10;;
A1513;2022;1368;60;5559;Lampanyctus ater;0,18;1;11;;
A1513;2022;1368;60;5559;Lampanyctus ater;0,18;7;12;;
A1513;2022;1368;60;5559;Lampanyctus ater;0,18;3;13;;
A1508;2022;736;60;7424;Arctozenus risso;0,174;1;10;;
A1508;2022;736;60;7424;Arctozenus risso;0,174;2;11;;
A1508;2022;736;60;7424;Arctozenus risso;0,174;2;13;;
A1508;2022;736;60;7424;Arctozenus risso;0,174;4;14;;
A1508;2022;736;60;7424;Arctozenus risso;0,174;1;15;;
A1508;2022;736;60;7424;Arctozenus risso;0,174;1;16;;
A1508;2022;736;60;7424;Arctozenus risso;0,174;2;17;;
A1508;2022;736;60;7424;Arctozenus risso;0,174;5;18;;
A1508;2022;736;60;7424;Arctozenus risso;0,174;3;19;;
A1508;2022;736;60;7424;Arctozenus risso;0,174;2;20;;
A1508;2022;736;60;7424;Arctozenus risso;0,174;2;21;;
Z0503;2021;715;60;6276;Cyclothone;0,171;451;NA;Total length of individuals between 5 and 6 cm ;
Z0497;2021;1335;60;5971;Myctophum punctatum;0,17;1;5;;
Z0497;2021;1335;60;5971;Myctophum punctatum;0,17;14;6;;
Z0497;2021;1335;60;5971;Myctophum punctatum;0,17;20;7;;
Z0497;2021;1335;60;5971;Myctophum punctatum;0,17;6;8;;
Z0497;2021;1335;60;5971;Myctophum punctatum;0,17;2;9;;
Z0497;2021;1335;60;5971;Xenodermichthys copei;0,168;5;7;;
Z0497;2021;1335;60;5971;Xenodermichthys copei;0,168;2;8;;
Z0497;2021;1335;60;5971;Xenodermichthys copei;0,168;3;9;;
Z0497;2021;1335;60;5971;Xenodermichthys copei;0,168;3;10;;
Z0497;2021;1335;60;5971;Xenodermichthys copei;0,168;4;12;;
Z0497;2021;1335;60;5971;Xenodermichthys copei;0,168;1;13;;
Z0497;2021;1335;60;5971;Xenodermichthys copei;0,168;2;14;;
Z0497;2021;1335;60;5971;Xenodermichthys copei;0,168;1;22;;
Z0512;2021;555;61;6431;Notoscopelus kroyeri;0,165;1;3;;
Z0512;2021;555;61;6431;Notoscopelus kroyeri;0,165;5;4;;
Z0512;2021;555;61;6431;Notoscopelus kroyeri;0,165;1;5;;
Z0512;2021;555;61;6431;Notoscopelus kroyeri;0,165;7;7;;
Z0512;2021;555;61;6431;Notoscopelus kroyeri;0,165;7;8;;
Z0512;2021;555;61;6431;Notoscopelus kroyeri;0,165;3;9;;
Z0512;2021;555;61;6431;Notoscopelus kroyeri;0,165;3;10;;
Z0512;2021;555;61;6431;Notoscopelus kroyeri;0,165;2;11;;
Z0512;2021;555;61;6431;Notoscopelus kroyeri;0,165;1;13;;
A1508;2022;736;60;7424;Notoscopelus kroyeri;0,152;3;3;;
A1508;2022;736;60;7424;Notoscopelus kroyeri;0,152;1;4;;
A1508;2022;736;60;7424;Notoscopelus kroyeri;0,152;3;5;;
A1508;2022;736;60;7424;Notoscopelus kroyeri;0,152;4;6;;
A1508;2022;736;60;7424;Notoscopelus kroyeri;0,152;12;7;;
A1508;2022;736;60;7424;Notoscopelus kroyeri;0,152;6;8;;
A1508;2022;736;60;7424;Notoscopelus kroyeri;0,152;3;9;;
A1508;2022;736;60;7424;Notoscopelus kroyeri;0,152;2;10;;
A1508;2022;736;60;7424;Notoscopelus kroyeri;0,152;1;12;;
Z0524;2021;1010;61;6251;Chauliodus sloani;0,143;1;21;;
Z0524;2021;1010;61;6251;Chauliodus sloani;0,143;1;24;;
Z0524;2021;1010;61;6251;Chauliodus sloani;0,143;1;30;;
Z0518;2021;1000;61;6421;Maulisia argipalla;0,142;1;5;;
Z0518;2021;1000;61;6421;Maulisia argipalla;0,142;1;7;;
Z0518;2021;1000;61;6421;Maulisia argipalla;0,142;4;8;;
Z0518;2021;1000;61;6421;Maulisia argipalla;0,142;1;9;;
Z0518;2021;1000;61;6421;Maulisia argipalla;0,142;3;10;;
Z0518;2021;1000;61;6421;Maulisia argipalla;0,142;4;11;;
Z0518;2021;1000;61;6421;Maulisia argipalla;0,142;1;13;;
Z0518;2021;1000;61;6421;Maulisia argipalla;0,142;1;14;;
Z0524;2021;1010;61;6251;Malacosteus niger;0,142;1;16;;
Z0524;2021;1010;61;6251;Malacosteus niger;0,142;2;20;;
Z0497;2021;1335;60;5971;Borostomias antarcticus;0,139;1;13;;
Z0497;2021;1335;60;5971;Borostomias antarcticus;0,139;1;18;;
Z0497;2021;1335;60;5971;Borostomias antarcticus;0,139;1;25;;
Z0492;2021;370;61;7026;Melanostomias bartonbeani;0,137;1;18;;
Z0492;2021;370;61;7026;Melanostomias bartonbeani;0,137;1;22;;
Z0492;2021;370;61;7026;Melanostomias bartonbeani;0,137;1;23;;
Z0492;2021;370;61;7026;Melanostomias bartonbeani;0,137;1;29;;
Z0503;2021;715;60;6276;Serrivomer beanii;0,137;1;47;;
Z0503;2021;715;60;6276;Serrivomer beanii;0,137;1;47,6;;
Z0503;2021;715;60;6276;Serrivomer beanii;0,137;1;53,6;;
Z0503;2021;715;60;6276;Serrivomer beanii;0,137;1;67,5;;
Z0503;2021;715;60;6276;Myctophum punctatum;0,133;1;4,6;;
Z0503;2021;715;60;6276;Myctophum punctatum;0,133;1;4,7;;
Z0503;2021;715;60;6276;Myctophum punctatum;0,133;1;5,8;;
Z0503;2021;715;60;6276;Myctophum punctatum;0,133;1;5,9;;
Z0503;2021;715;60;6276;Myctophum punctatum;0,133;1;6,1;;
Z0503;2021;715;60;6276;Myctophum punctatum;0,133;1;6,4;;
Z0503;2021;715;60;6276;Myctophum punctatum;0,133;2;6,5;;
Z0503;2021;715;60;6276;Myctophum punctatum;0,133;3;6,6;;
Z0503;2021;715;60;6276;Myctophum punctatum;0,133;4;6,7;;
Z0503;2021;715;60;6276;Myctophum punctatum;0,133;1;6,8;;
Z0503;2021;715;60;6276;Myctophum punctatum;0,133;1;6,9;;
Z0503;2021;715;60;6276;Myctophum punctatum;0,133;1;7;;
Z0503;2021;715;60;6276;Myctophum punctatum;0,133;3;7,1;;
Z0503;2021;715;60;6276;Myctophum punctatum;0,133;1;7,2;;
Z0503;2021;715;60;6276;Myctophum punctatum;0,133;2;7,3;;
Z0503;2021;715;60;6276;Myctophum punctatum;0,133;1;7,4;;
Z0503;2021;715;60;6276;Myctophum punctatum;0,133;1;7,5;;
Z0503;2021;715;60;6276;Myctophum punctatum;0,133;1;7,7;;
Z0503;2021;715;60;6276;Myctophum punctatum;0,133;1;8;;
Z0503;2021;715;60;6276;Myctophum punctatum;0,133;2;8,1;;
Z0503;2021;715;60;6276;Myctophum punctatum;0,133;1;8,3;;
Z0503;2021;715;60;6276;Myctophum punctatum;0,133;1;8,4;;
Z0503;2021;715;60;6276;Myctophum punctatum;0,133;2;8,5;;
Z0503;2021;715;60;6276;Myctophum punctatum;0,133;1;8,6;;
Z0503;2021;715;60;6276;Myctophum punctatum;0,133;2;8,8;;
A1513;2022;1368;60;5559;Notoscopelus kroyeri;0,125;1;6;;
A1513;2022;1368;60;5559;Notoscopelus kroyeri;0,125;3;7;;
A1513;2022;1368;60;5559;Notoscopelus kroyeri;0,125;1;8;;
A1513;2022;1368;60;5559;Notoscopelus kroyeri;0,125;4;10;;
A1513;2022;1368;60;5559;Notoscopelus kroyeri;0,125;2;11;;
A1513;2022;1368;60;5559;Notoscopelus kroyeri;0,125;1;13;;
Z0497;2021;1335;60;5971;Stomias boa;0,12;1;11;;
Z0497;2021;1335;60;5971;Stomias boa;0,12;1;23;;
Z0497;2021;1335;60;5971;Stomias boa;0,12;1;24;;
Z0497;2021;1335;60;5971;Stomias boa;0,12;1;26;;
Z0497;2021;1335;60;5971;Stomias boa;0,12;1;29;;
Z0508;2021;25;63;8431;Notoscopelus kroyeri;0,117;1;5;;
Z0508;2021;25;63;8431;Notoscopelus kroyeri;0,117;3;6;;
Z0508;2021;25;63;8431;Notoscopelus kroyeri;0,117;20;7;;
Z0508;2021;25;63;8431;Notoscopelus kroyeri;0,117;8;8;;
Z0508;2021;25;63;8431;Notoscopelus kroyeri;0,117;1;10;;
Z0518;2021;1000;61;6421;Lampanyctus ater;0,115;1;10;;
Z0518;2021;1000;61;6421;Lampanyctus ater;0,115;2;11;;
Z0518;2021;1000;61;6421;Lampanyctus ater;0,115;1;12;;
Z0518;2021;1000;61;6421;Lampanyctus ater;0,115;4;13;;
Z0518;2021;1000;61;6421;Lampanyctus ater;0,115;1;15;;
A1508;2022;736;60;7424;Stomias boa;0,115;1;30;;
A1508;2022;736;60;7424;Stomias boa;0,115;1;34;;
Z0503;2021;715;60;6276;Arctozenus risso;0,113;1;9,1;;
Z0503;2021;715;60;6276;Arctozenus risso;0,113;1;11,1;;
Z0503;2021;715;60;6276;Arctozenus risso;0,113;1;13,1;;
Z0503;2021;715;60;6276;Arctozenus risso;0,113;1;13,6;;
Z0503;2021;715;60;6276;Arctozenus risso;0,113;1;13,8;;
Z0503;2021;715;60;6276;Arctozenus risso;0,113;1;13,9;;
Z0503;2021;715;60;6276;Arctozenus risso;0,113;1;16,9;;
Z0503;2021;715;60;6276;Arctozenus risso;0,113;1;18;;
Z0503;2021;715;60;6276;Arctozenus risso;0,113;1;19,4;;
Z0503;2021;715;60;6276;Arctozenus risso;0,113;1;19,7;;
Z0503;2021;715;60;6276;Arctozenus risso;0,113;2;21,1;;
Z0503;2021;715;60;6276;Arctozenus risso;0,113;1;21,2;;
Z0503;2021;715;60;6276;Arctozenus risso;0,113;1;21,4;;
Z0497;2021;1335;60;5971;Bathylagus euryops;0,106;1;5;;
Z0497;2021;1335;60;5971;Bathylagus euryops;0,106;1;6;;
Z0497;2021;1335;60;5971;Bathylagus euryops;0,106;2;7;;
Z0497;2021;1335;60;5971;Bathylagus euryops;0,106;1;8;;
Z0497;2021;1335;60;5971;Bathylagus euryops;0,106;1;10;;
Z0497;2021;1335;60;5971;Bathylagus euryops;0,106;1;11;;
Z0497;2021;1335;60;5971;Bathylagus euryops;0,106;1;14;;
Z0497;2021;1335;60;5971;Bathylagus euryops;0,106;1;18;;
Z0508;2021;25;63;8431;Notoscopelus kroyeri;0,106;165;NA;;
Z0518;2021;1000;61;6421;Malacosteus niger;0,105;1;23;;
Z0524;2021;1010;61;6251;Cyclothone;0,103;262;NA;Total length of individuals between 4 and 6 cm ;
Z0497;2021;1335;60;5971;Benthosema glaciale;0,102;102;NA;Total length of individuals between 4 and 5 cm ;
Z0518;2021;1000;61;6421;Myctophum punctatum;0,098;12;6;;
Z0518;2021;1000;61;6421;Myctophum punctatum;0,098;6;7;;
Z0518;2021;1000;61;6421;Myctophum punctatum;0,098;7;8;;
Z0512;2021;555;61;6431;Myctophum punctatum;0,097;1;5;;
Z0512;2021;555;61;6431;Myctophum punctatum;0,097;8;6;;
Z0512;2021;555;61;6431;Myctophum punctatum;0,097;8;7;;
Z0512;2021;555;61;6431;Myctophum punctatum;0,097;9;8;;
Z0508;2021;25;63;8431;Myctophum punctatum;0,094;7;6;;
Z0508;2021;25;63;8431;Myctophum punctatum;0,094;12;7;;
Z0508;2021;25;63;8431;Myctophum punctatum;0,094;7;8;;
Z0497;2021;1335;60;5971;Maurolicus muelleri;0,093;532;NA;Total length of individuals between 3 and 4 cm ;
A1513;2022;1368;60;5559;Normichthys operosus;0,09;2;5;;
A1513;2022;1368;60;5559;Normichthys operosus;0,09;1;6;;
A1513;2022;1368;60;5559;Normichthys operosus;0,09;2;7;;
A1513;2022;1368;60;5559;Normichthys operosus;0,09;3;8;;
A1513;2022;1368;60;5559;Normichthys operosus;0,09;1;9;;
A1513;2022;1368;60;5559;Normichthys operosus;0,09;2;12;;
A1513;2022;1368;60;5559;Normichthys operosus;0,09;1;13;;
A1513;2022;1368;60;5559;Normichthys operosus;0,09;1;15;;
Z0512;2021;555;61;6431;Arctozenus risso;0,089;1;9;;
Z0512;2021;555;61;6431;Arctozenus risso;0,089;2;11;;
Z0512;2021;555;61;6431;Arctozenus risso;0,089;4;12;;
Z0512;2021;555;61;6431;Arctozenus risso;0,089;1;13;;
Z0512;2021;555;61;6431;Arctozenus risso;0,089;1;14;;
Z0512;2021;555;61;6431;Arctozenus risso;0,089;1;18;;
Z0512;2021;555;61;6431;Arctozenus risso;0,089;1;19;;
Z0512;2021;555;61;6431;Arctozenus risso;0,089;1;20;;
Z0512;2021;555;61;6431;Arctozenus risso;0,089;3;21;;
Z0503;2021;715;60;6276;Sagamichthys schnakenbecki;0,083;1;4,4;;
Z0503;2021;715;60;6276;Sagamichthys schnakenbecki;0,083;1;5,6;;
Z0503;2021;715;60;6276;Sagamichthys schnakenbecki;0,083;1;6,6;;
Z0503;2021;715;60;6276;Sagamichthys schnakenbecki;0,083;2;6,7;;
Z0503;2021;715;60;6276;Sagamichthys schnakenbecki;0,083;1;7,2;;
Z0503;2021;715;60;6276;Sagamichthys schnakenbecki;0,083;1;8,8;;
Z0503;2021;715;60;6276;Sagamichthys schnakenbecki;0,083;1;9,6;;
Z0503;2021;715;60;6276;Sagamichthys schnakenbecki;0,083;1;11,4;;
Z0503;2021;715;60;6276;Sagamichthys schnakenbecki;0,083;1;20,9;;
Z0518;2021;1000;61;6421;Arctozenus risso;0,083;1;11;;
Z0518;2021;1000;61;6421;Arctozenus risso;0,083;1;12;;
Z0518;2021;1000;61;6421;Arctozenus risso;0,083;1;13;;
Z0518;2021;1000;61;6421;Arctozenus risso;0,083;1;14;;
Z0518;2021;1000;61;6421;Arctozenus risso;0,083;3;20;;
Z0518;2021;1000;61;6421;Arctozenus risso;0,083;2;21;;
Z0524;2021;1010;61;6251;Searsia koefoedi;0,082;1;7;;
Z0524;2021;1010;61;6251;Searsia koefoedi;0,082;1;9;;
Z0524;2021;1010;61;6251;Searsia koefoedi;0,082;2;13;;
Z0524;2021;1010;61;6251;Searsia koefoedi;0,082;1;15;;
Z0492;2021;370;61;7026;Myctophum punctatum;0,081;1;6;;
Z0492;2021;370;61;7026;Myctophum punctatum;0,081;9;7;;
Z0492;2021;370;61;7026;Myctophum punctatum;0,081;5;8;;
Z0492;2021;370;61;7026;Myctophum punctatum;0,081;2;9;;
A1513;2022;1368;60;5559;Argyropelecus olfersii;0,081;1;2;;
A1513;2022;1368;60;5559;Argyropelecus olfersii;0,081;3;3;;
A1513;2022;1368;60;5559;Argyropelecus olfersii;0,081;3;4;;
A1513;2022;1368;60;5559;Argyropelecus olfersii;0,081;2;5;;
A1513;2022;1368;60;5559;Argyropelecus olfersii;0,081;1;6;;
A1513;2022;1368;60;5559;Argyropelecus olfersii;0,081;1;7;;
A1513;2022;1368;60;5559;Argyropelecus olfersii;0,081;2;8;;
A1513;2022;1368;60;5559;Argyropelecus olfersii;0,081;2;9;;
Z0524;2021;1010;61;6251;Gonostoma elongatum;0,08;1;29;;
A1513;2022;1368;60;5559;Chauliodus sloani;0,08;1;30;;
Z0497;2021;1335;60;5971;Chauliodus sloani;0,078;1;22;;
Z0497;2021;1335;60;5971;Chauliodus sloani;0,078;1;27;;
Z0512;2021;555;61;6431;Argyropelecus olfersii;0,078;1;3;;
Z0512;2021;555;61;6431;Argyropelecus olfersii;0,078;1;4;;
Z0512;2021;555;61;6431;Argyropelecus olfersii;0,078;7;6;;
Z0512;2021;555;61;6431;Argyropelecus olfersii;0,078;1;7;;
Z0512;2021;555;61;6431;Argyropelecus olfersii;0,078;1;8;;
Z0512;2021;555;61;6431;Argyropelecus olfersii;0,078;2;10;;
A1513;2022;1368;60;5559;Melanostomias bartonbeani;0,076;1;30;;
Z0524;2021;1010;61;6251;Notoscopelus kroeyeri;0,075;103;NA;;
A1497;2022;486;60;7338;Notoscopelus kroyeri;0,074;1;5;;
A1497;2022;486;60;7338;Notoscopelus kroyeri;0,074;6;7;;
A1497;2022;486;60;7338;Notoscopelus kroyeri;0,074;8;8;;
A1497;2022;486;60;7338;Notoscopelus kroyeri;0,074;2;9;;
Z0518;2021;1000;61;6421;Argyropelecus olfersii;0,067;1;5;;
Z0518;2021;1000;61;6421;Argyropelecus olfersii;0,067;1;6;;
Z0518;2021;1000;61;6421;Argyropelecus olfersii;0,067;2;7;;
Z0518;2021;1000;61;6421;Argyropelecus olfersii;0,067;2;8;;
Z0518;2021;1000;61;6421;Argyropelecus olfersii;0,067;1;9;;
Z0518;2021;1000;61;6421;Argyropelecus olfersii;0,067;1;10;;
A1513;2022;1368;60;5559;Stomias boa;0,067;1;10;;
A1513;2022;1368;60;5559;Stomias boa;0,067;1;29;;
Z0497;2021;1335;60;5971;Arctozenus risso;0,066;1;10;;
Z0497;2021;1335;60;5971;Arctozenus risso;0,066;2;13;;
Z0497;2021;1335;60;5971;Arctozenus risso;0,066;1;15;;
Z0497;2021;1335;60;5971;Arctozenus risso;0,066;1;17;;
Z0497;2021;1335;60;5971;Arctozenus risso;0,066;2;20;;
Z0497;2021;1335;60;5971;Arctozenus risso;0,066;1;21;;
Z0524;2021;1010;61;6251;Neonesthes capensis;0,065;1;20;;
Z0518;2021;1000;61;6421;Benthosema glaciale;0,064;96;NA;Total length of individuals between 4 and 5 cm ;
Z0524;2021;1010;61;6251;Lampanyctus macdonaldi;0,063;2;14;;
Z0524;2021;1010;61;6251;Lampanyctus macdonaldi;0,063;1;15;;
Z0503;2021;715;60;6276;Sudis hyalina;0,062;1;28;;
A1513;2022;1368;60;5559;Lampanyctus macdonaldi;0,062;2;14;;
A1513;2022;1368;60;5559;Lampanyctus macdonaldi;0,062;1;16;;
A1513;2022;1368;60;5559;Malacosteus niger;0,061;1;21;;
A1513;2022;1368;60;5559;Maulisia mauli;0,058;1;10;;
A1513;2022;1368;60;5559;Maulisia mauli;0,058;1;18;;
A1508;2022;736;60;7424;Cyclothone microdon;0,057;1;5;;
A1508;2022;736;60;7424;Cyclothone microdon;0,057;9;6;;
A1508;2022;736;60;7424;Cyclothone microdon;0,057;1;7;;
Z0497;2021;1335;60;5971;Notoscopelus bolini;0,056;6;8;;
Z0497;2021;1335;60;5971;Notoscopelus bolini;0,056;2;9;;
Z0497;2021;1335;60;5971;Notoscopelus bolini;0,056;2;10;;
Z0508;2021;25;63;8431;Lestidiops sphyrenoides;0,056;2;9;;
Z0508;2021;25;63;8431;Lestidiops sphyrenoides;0,056;1;11;;
Z0508;2021;25;63;8431;Lestidiops sphyrenoides;0,056;7;13;;
Z0508;2021;25;63;8431;Lestidiops sphyrenoides;0,056;5;14;;
Z0508;2021;25;63;8431;Lestidiops sphyrenoides;0,056;1;15;;
A1513;2022;1368;60;5559;Eurypharynx pelecanoides;0,053;1;25;;
A1513;2022;1368;60;5559;Eurypharynx pelecanoides;0,053;1;34;;
A1513;2022;1368;60;5559;Eurypharynx pelecanoides;0,053;1;44;;
Z0503;2021;715;60;6276;Notoscopelus bolini;0,052;1;8;;
Z0503;2021;715;60;6276;Notoscopelus bolini;0,052;1;9;;
Z0503;2021;715;60;6276;Notoscopelus bolini;0,052;2;9,1;;
Z0503;2021;715;60;6276;Notoscopelus bolini;0,052;1;9,3;;
Z0503;2021;715;60;6276;Notoscopelus bolini;0,052;1;9,5;;
Z0503;2021;715;60;6276;Notoscopelus bolini;0,052;1;9,6;;
Z0503;2021;715;60;6276;Notoscopelus bolini;0,052;1;9,9;;
Z0503;2021;715;60;6276;Notoscopelus bolini;0,052;1;10,1;;
Z0518;2021;1000;61;6421;Stomias boa;0,052;1;31;;
Z0524;2021;1010;61;6251;Stomias boa;0,052;1;26;;
Z0497;2021;1335;60;5971;Lampanyctus ater;0,051;1;10;;
Z0497;2021;1335;60;5971;Lampanyctus ater;0,051;1;11;;
Z0497;2021;1335;60;5971;Lampanyctus ater;0,051;2;12;;
Z0497;2021;1335;60;5971;Lampanyctus ater;0,051;1;13;;
A1513;2022;1368;60;5559;Pseudoscopelus altipinnis;0,051;1;19;;
Z0497;2021;1335;60;5971;Melanostomias bartonbeani;0,046;1;20;;
Z0497;2021;1335;60;5971;Melanostomias bartonbeani;0,046;1;21;;
A1513;2022;1368;60;5559;Xenodermichthys copei;0,046;1;6;;
A1513;2022;1368;60;5559;Xenodermichthys copei;0,046;1;7;;
A1513;2022;1368;60;5559;Xenodermichthys copei;0,046;1;9;;
A1513;2022;1368;60;5559;Xenodermichthys copei;0,046;1;10;;
A1513;2022;1368;60;5559;Xenodermichthys copei;0,046;1;14;;
Z0497;2021;1335;60;5971;Argyropelecus olfersii;0,044;1;3;;
Z0497;2021;1335;60;5971;Argyropelecus olfersii;0,044;2;4;;
Z0497;2021;1335;60;5971;Argyropelecus olfersii;0,044;1;5;;
Z0497;2021;1335;60;5971;Argyropelecus olfersii;0,044;6;6;;
Z0497;2021;1335;60;5971;Argyropelecus olfersii;0,044;1;9;;
Z0503;2021;715;60;6276;Argyropelecus olfersii;0,044;1;4,5;;
Z0503;2021;715;60;6276;Argyropelecus olfersii;0,044;1;7;;
Z0503;2021;715;60;6276;Argyropelecus olfersii;0,044;1;7,6;;
Z0503;2021;715;60;6276;Argyropelecus olfersii;0,044;1;7,7;;
Z0503;2021;715;60;6276;Argyropelecus olfersii;0,044;1;11,1;;
Z0524;2021;1010;61;6251;Arctozenus risso;0,044;2;11;;
Z0524;2021;1010;61;6251;Arctozenus risso;0,044;1;12;;
Z0524;2021;1010;61;6251;Arctozenus risso;0,044;1;15;;
Z0524;2021;1010;61;6251;Arctozenus risso;0,044;1;20;;
Z0524;2021;1010;61;6251;Arctozenus risso;0,044;1;21;;
Z0518;2021;1000;61;6421;Normichthys operosus;0,043;2;7;;
Z0518;2021;1000;61;6421;Normichthys operosus;0,043;2;13;;
Z0524;2021;1010;61;6251;Lampanyctus ater;0,042;1;10;;
Z0524;2021;1010;61;6251;Lampanyctus ater;0,042;1;12;;
Z0524;2021;1010;61;6251;Lampanyctus ater;0,042;1;13;;
Z0524;2021;1010;61;6251;Lampanyctus ater;0,042;1;14;;
Z0503;2021;715;60;6276;Chauliodus sloani;0,04;1;25,1;;
A1513;2022;1368;60;5559;Arctozenus risso;0,04;1;13;;
A1513;2022;1368;60;5559;Arctozenus risso;0,04;1;15;;
A1513;2022;1368;60;5559;Arctozenus risso;0,04;1;16;;
A1513;2022;1368;60;5559;Arctozenus risso;0,04;1;19;;
A1513;2022;1368;60;5559;Arctozenus risso;0,04;1;21;;
Z0524;2021;1010;61;6251;Argyropelecus olfersii;0,034;1;6;;
Z0524;2021;1010;61;6251;Argyropelecus olfersii;0,034;1;7;;
Z0524;2021;1010;61;6251;Argyropelecus olfersii;0,034;1;8;;
Z0524;2021;1010;61;6251;Argyropelecus olfersii;0,034;1;9;;
Z0524;2021;1010;61;6251;Myctophum punctatum;0,033;2;5;;
Z0524;2021;1010;61;6251;Myctophum punctatum;0,033;1;6;;
Z0524;2021;1010;61;6251;Myctophum punctatum;0,033;8;7;;
Z0508;2021;25;63;8431;Dolicholagus longirostris;0,032;1;11;;
Z0508;2021;25;63;8431;Dolicholagus longirostris;0,032;2;12;;
Z0492;2021;370;61;7026;Argyropelecus olfersii;0,031;3;4;;
Z0492;2021;370;61;7026;Argyropelecus olfersii;0,031;3;5;;
Z0492;2021;370;61;7026;Argyropelecus olfersii;0,031;4;6;;
Z0492;2021;370;61;7026;Argyropelecus olfersii;0,031;1;7;;
Z0512;2021;555;61;6431;Cyclothone microdon;0,03;36;NA;Total length of individuals between 5 and 7 cm ;
Z0497;2021;1335;60;5971;Bolinichthys supralateralis;0,029;1;13;;
Z0503;2021;715;60;6276;Melanostomias bartonbeani;0,029;1;23,1;;
Z0512;2021;555;61;6431;Dolicholagus longirostris;0,028;1;17;;
A1508;2022;736;60;7424;Myctophum punctatum;0,028;1;5;;
A1508;2022;736;60;7424;Myctophum punctatum;0,028;3;6;;
A1508;2022;736;60;7424;Myctophum punctatum;0,028;2;8;;
Z0518;2021;1000;61;6421;Lampanyctus macdonaldi;0,027;1;16;;
Z0524;2021;1010;61;6251;Lampanyctus lineatus;0,027;1;18;;
A1513;2022;1368;60;5559;Benthosema glaciale;0,027;26;3;;
A1513;2022;1368;60;5559;Benthosema glaciale;0,027;13;4;;
Z0503;2021;715;60;6276;Pseudoscopelus altipinnis;0,026;1;17,2;;
Z0503;2021;715;60;6276;Searsia koefoedi;0,026;1;7,7;;
Z0503;2021;715;60;6276;Searsia koefoedi;0,026;1;14,2;;
A1513;2022;1368;60;5559;Lobianchia gemellarii;0,026;2;8;;
A1513;2022;1368;60;5559;Lobianchia gemellarii;0,026;1;9;;
Z0503;2021;715;60;6276;Maurolicus muelleri;0,025;147;NA;Total length of individuals between 3 and 3,5 cm ;
Z0503;2021;715;60;6276;Benthosema glaciale;0,024;61;NA;Total length of individuals between 3,5 and 4,5 cm ;
A1497;2022;486;60;7338;Stomias boa;0,024;1;10;;
A1497;2022;486;60;7338;Stomias boa;0,024;1;25;;
Z0503;2021;715;60;6276;Ceratoscopelus maderensis;0,023;1;7,9;;
Z0503;2021;715;60;6276;Ceratoscopelus maderensis;0,023;1;8,1;;
Z0503;2021;715;60;6276;Ceratoscopelus maderensis;0,023;1;8,4;;
Z0503;2021;715;60;6276;Ceratoscopelus maderensis;0,023;1;8,7;;
Z0503;2021;715;60;6276;Ceratoscopelus maderensis;0,023;2;9;;
Z0524;2021;1010;61;6251;Maulisia argipalla;0,022;1;5;;
Z0524;2021;1010;61;6251;Maulisia argipalla;0,022;2;11;;
Z0512;2021;555;61;6431;Lampanyctus ater;0,02;1;11;;
Z0512;2021;555;61;6431;Lampanyctus ater;0,02;1;12;;
Z0508;2021;25;63;8431;Benthosema glaciale;0,019;58;NA;;
Z0518;2021;1000;61;6421;Evermannella balbo;0,019;1;10;;
Z0518;2021;1000;61;6421;Evermannella balbo;0,019;1;11;;
Z0524;2021;1010;61;6251;Evermannella balbo;0,018;2;11;;
A1497;2022;486;60;7338;Melanostomias bartonbeani;0,018;1;25;;
A1513;2022;1368;60;5559;Photostylus pycnopterus;0,018;1;7;;
A1513;2022;1368;60;5559;Photostylus pycnopterus;0,018;2;9;;
A1513;2022;1368;60;5559;Photostylus pycnopterus;0,018;1;11;;
Z0518;2021;1000;61;6421;Melanostigma atlanticum;0,017;6;6;;
Z0518;2021;1000;61;6421;Melanostigma atlanticum;0,017;4;8;;
Z0518;2021;1000;61;6421;Melanostigma atlanticum;0,017;2;9;;
A1508;2022;736;60;7424;Lampanyctus ater;0,017;1;9;;
A1508;2022;736;60;7424;Lampanyctus ater;0,017;1;12;;
A1508;2022;736;60;7424;Notoscopelus bolini;0,017;1;8;;
A1508;2022;736;60;7424;Notoscopelus bolini;0,017;2;9;;
Z0503;2021;715;60;6276;Lestidiops sphyrenoides;0,016;1;8,5;;
Z0503;2021;715;60;6276;Lestidiops sphyrenoides;0,016;1;11,5;;
Z0503;2021;715;60;6276;Lestidiops sphyrenoides;0,016;1;12,1;;
Z0503;2021;715;60;6276;Lestidiops sphyrenoides;0,016;1;12,5;;
Z0503;2021;715;60;6276;Lestidiops sphyrenoides;0,016;1;12,6;;
Z0503;2021;715;60;6276;Lestidiops sphyrenoides;0,016;1;15,1;;
A1513;2022;1368;60;5559;Searsia koefoedi;0,016;1;9;;
A1513;2022;1368;60;5559;Searsia koefoedi;0,016;1;11;;
Z0497;2021;1335;60;5971;Malacosteus niger;0,015;1;13;;
Z0512;2021;555;61;6431;Cyclothone braueri;0,015;74;NA;Total length of individuals between 3,5 and 5,5 cm ;
Z0497;2021;1335;60;5971;Ceratoscopelus maderensis;0,014;3;8;;
Z0497;2021;1335;60;5971;Derichthys serpentinus;0,014;1;19;;
Z0497;2021;1335;60;5971;Derichthys serpentinus;0,014;1;22;;
Z0508;2021;25;63;8431;Melanostomias bartonbeani;0,014;1;19;;
Z0512;2021;555;61;6431;Ceratoscopelus maderensis;0,012;2;8;;
Z0512;2021;555;61;6431;Ceratoscopelus maderensis;0,012;1;9;;
Z0497;2021;1335;60;5971;Photostylus pycnopterus;0,011;1;7;;
Z0497;2021;1335;60;5971;Photostylus pycnopterus;0,011;1;8;;
Z0497;2021;1335;60;5971;Photostylus pycnopterus;0,011;1;9;;
Z0497;2021;1335;60;5971;Sigmops bathyphilus;0,011;1;7;;
Z0497;2021;1335;60;5971;Sigmops bathyphilus;0,011;1;10;;
Z0497;2021;1335;60;5971;Sigmops bathyphilus;0,011;1;12;;
Z0524;2021;1010;61;6251;Alepocephalus bairdii;0,011;1;12;;
A1508;2022;736;60;7424;Evermannella balbo;0,011;1;11;;
Z0497;2021;1335;60;5971;Eurypharynx pelecanoides;0,01;1;34;;
Z0497;2021;1335;60;5971;Lobianchia gemellarii;0,01;1;9;;
Z0524;2021;1010;61;6251;Taaningichthys paurolychnus;0,01;1;7;;
Z0524;2021;1010;61;6251;Taaningichthys paurolychnus;0,01;2;8;;
A1508;2022;736;60;7424;Benthosema glaciale;0,01;13;3;;
A1508;2022;736;60;7424;Benthosema glaciale;0,01;3;4;;
Z0497;2021;1335;60;5971;Mentodus rostratus;0,009;1;5;;
Z0497;2021;1335;60;5971;Mentodus rostratus;0,009;2;6;;
Z0497;2021;1335;60;5971;Mentodus rostratus;0,009;2;7;;
A1497;2022;486;60;7338;Myctophum punctatum;0,009;1;6;;
A1497;2022;486;60;7338;Myctophum punctatum;0,009;1;8;;
A1497;2022;486;60;7338;Serrivomer beanii;0,009;1;39;;
A1508;2022;736;60;7424;Argyropelecus olfersii;0,009;1;2;;
A1508;2022;736;60;7424;Argyropelecus olfersii;0,009;2;4;;
A1508;2022;736;60;7424;Argyropelecus olfersii;0,009;2;5;;
A1508;2022;736;60;7424;Lestidiops sphyrenoides;0,009;1;14;;
A1508;2022;736;60;7424;Lestidiops sphyrenoides;0,009;1;15;;
Z0497;2021;1335;60;5971;Lestidiops sphyrenoides;0,008;1;12;;
Z0497;2021;1335;60;5971;Lestidiops sphyrenoides;0,008;1;14;;
Z0512;2021;555;61;6431;Nansenia;0,008;1;9;;
Z0512;2021;555;61;6431;Nansenia;0,008;1;10;;
A1497;2022;486;60;7338;Chauliodus sloani;0,008;1;13;;
A1497;2022;486;60;7338;Chauliodus sloani;0,008;1;14;;
A1513;2022;1368;60;5559;Cyclothone;0,008;1;4;;
A1513;2022;1368;60;5559;Cyclothone;0,008;3;5;;
A1513;2022;1368;60;5559;Cyclothone;0,008;8;6;;
A1513;2022;1368;60;5559;Melanostigma atlanticum;0,008;2;6;;
A1513;2022;1368;60;5559;Melanostigma atlanticum;0,008;1;8;;
A1513;2022;1368;60;5559;Melanostigma atlanticum;0,008;3;9;;
A1513;2022;1368;60;5559;Sagamichthys schnakenbecki;0,008;1;9;;
Z0492;2021;370;61;7026;Benthosema glaciale;0,007;1;3;;
Z0492;2021;370;61;7026;Benthosema glaciale;0,007;10;4;;
Z0497;2021;1335;60;5971;Paralepis coregonoides;0,007;1;11;;
Z0497;2021;1335;60;5971;Paralepis coregonoides;0,007;1;12;;
Z0518;2021;1000;61;6421;Lestidiops sphyrenoides;0,007;1;11;;
Z0518;2021;1000;61;6421;Lestidiops sphyrenoides;0,007;1;14;;
A1508;2022;736;60;7424;Ceratoscopelus maderensis;0,007;1;7;;
A1508;2022;736;60;7424;Ceratoscopelus maderensis;0,007;1;8;;
Z0497;2021;1335;60;5971;Searsia koefoedi;0,006;1;9;;
Z0508;2021;25;63;8431;Lampanyctus;0,006;76;NA;Total length of individuals between 3 and 3,5 cm - Juveniles;
Z0512;2021;555;61;6431;Evermannella balbo;0,006;1;11;;
Z0518;2021;1000;61;6421;Notoscopelus bolini;0,006;1;9;;
Z0524;2021;1010;61;6251;Lestidiops sphyrenoides;0,006;1;8;;
Z0524;2021;1010;61;6251;Lestidiops sphyrenoides;0,006;1;15;;
A1497;2022;486;60;7338;Benthosema glaciale;0,006;9;4;;
Z0492;2021;370;61;7026;Ceratoscopelus maderensis;0,005;1;9;;
A1497;2022;486;60;7338;Argyropelecus hemigymnus;0,005;1;3;;
A1497;2022;486;60;7338;Argyropelecus hemigymnus;0,005;3;4;;
A1497;2022;486;60;7338;Lestidiops sphyrenoides;0,005;1;15;;
A1508;2022;736;60;7424;Derichthys serpentinus;0,005;1;NA;;
A1513;2022;1368;60;5559;Ceratoscopelus maderensis;0,005;1;9;;
Z0492;2021;370;61;7026;Maurolicus muelleri;0,004;6;3;;
Z0492;2021;370;61;7026;Maurolicus muelleri;0,004;1;4;;
Z0497;2021;1335;60;5971;Nansenia oblita;0,004;1;10;;
Z0524;2021;1010;61;6251;Normichthys operosus;0,004;1;8;;
A1513;2022;1368;60;5559;Myctophum punctatum;0,004;1;7;;
Z0508;2021;25;63;8431;Chauliodus sloani;0,003;1;11;;
Z0518;2021;1000;61;6421;Ceratoscopelus maderensis;0,003;1;7;;
Z0518;2021;1000;61;6421;Diaphus holti;0,003;1;6;;
A1508;2022;736;60;7424;Melanostigma atlanticum;0,003;1;5;;
A1508;2022;736;60;7424;Melanostigma atlanticum;0,003;1;6;;
A1508;2022;736;60;7424;Melanostigma atlanticum;0,003;1;9;;
Z0497;2021;1335;60;5971;Melanostigma atlanticum;0,002;1;6;;
Z0497;2021;1335;60;5971;Melanostigma atlanticum;0,002;1;8;;
Z0512;2021;555;61;6431;Benthosema glaciale;0,002;3;4;;
Z0518;2021;1000;61;6421;Sagamichthys schnakenbecki;0,002;1;7;;
A1508;2022;736;60;7424;Maulisia argipalla;0,002;2;6;;
A1513;2022;1368;60;5559;Paralepis coregonoides;0,002;2;8;;
Z0497;2021;1335;60;5971;Synaphobranchus kaupii;0,001;1;9;;
Z0497;2021;1335;60;5971;Synaphobranchus kaupii;0,001;1;10;;
Z0503;2021;715;60;6276;Argyropelecus hemigymnus;0,001;1;2,8;;
Z0503;2021;715;60;6276;Melanostigma atlanticum;0,001;1;6,3;;
Z0503;2021;715;60;6276;Melanostigma atlanticum;0,001;1;7,9;;
Z0508;2021;25;63;8431;Ceratoscopelus maderensis;0,001;1;5;;
Z0512;2021;555;61;6431;Cyclothone livida;0,001;2;3;;
Z0512;2021;555;61;6431;Lampanyctus;0,001;2;3;Juveniles;
Z0512;2021;555;61;6431;Melanostigma atlanticum;0,001;1;5;;
Z0512;2021;555;61;6431;Melanostigma atlanticum;0,001;1;6;;
Z0518;2021;1000;61;6421;Leucobrotula adipata;0,001;1;3;;
Z0518;2021;1000;61;6421;Photostylus pycnopterus;0,001;1;6;;
Z0524;2021;1010;61;6251;Leucobrotula adipata;0,001;3;3;;
Z0524;2021;1010;61;6251;Photostylus pycnopterus;0,001;1;6;;
Z0524;2021;1010;61;6251;Sagamichthys schnakenbecki;0,001;1;6;;
A1497;2022;486;60;7338;Maurolicus muelleri;0,001;3;3;;
A1497;2022;486;60;7338;Cyclothone braueri;0,001;1;3;;
A1497;2022;486;60;7338;Searsia koefoedi;0,001;1;5;;
A1508;2022;736;60;7424;Maurolicus muelleri;0,001;1;2;;
A1508;2022;736;60;7424;Paralepis coregonoides;0,001;1;6;;
A1513;2022;1368;60;5559;Maurolicus muelleri;0,001;1;3;;
